ID,Date,Opponent,Is_Home_or_Away,Is_Opponent_in_AP25_Preseason,Media,Label
1,9/5/15,Texas,Home,Out,NBC,Win
2,9/12/15,Virginia,Away,Out,ABC,Win
3,9/19/15,Georgia Tech,Home,In,NBC,Win
4,9/26/15,UMass,Home,Out,NBC,Win
5,10/3/15,Clemson,Away,In,ABC,Lose
6,10/10/15,Navy,Home,Out,NBC,Win
7,10/17/15,USC,Home,In,NBC,Win
8,10/31/15,Temple,Away,Out,ABC,Win
9,11/7/15,PITT,Away,Out,ABC,Win
10,11/14/15,Wake Forest,Home,Out,NBC,Win
11,11/21/15,Boston College,Away,Out,NBC,Win
12,11/28/15,Stanford,Away,In,FOX,Lose
13,9/4/16,Texas,Away,Out,ABC,Lose
14,9/10/16,Nevada,Home,Out,NBC,Win
15,9/17/16,Michigan State,Home,Out,NBC,Lose
16,9/24/16,Duke,Home,Out,NBC,Lose
17,10/1/16,Syracuse,Home,Out,ESPN,Win
18,10/8/16,North Carolina State,Away,Out,ABC,Lose
19,10/15/16,Stanford,Home,In,NBC,Lose
20,10/29/16,Miami Florida,Home,Out,NBC,Win
21,11/5/16,Navy,Home,Out,CBS,Lose
22,11/12/16,Army,Home,Out,NBC,Win
23,11/19/16,Virginia Tech,Home,In,NBC,Lose
24,11/26/16,USC,Away,In,ABC,Lose